season,expected_regular_season_games,source_games,source_game_coverage_rate,cached_nba_page_games,cached_playbyplay_games,cached_any_games,cached_expected_coverage_rate,cache_coverage_rate,games_with_challenges,challenge_events,challenge_games_per_cached_game,challenges_per_cached_game,overturn_rate
2019-20,1059,1059,1.0,1059,0,1059,1.0,1.0,369,405,0.34844192634560905,0.38243626062322944,0.7012345679012346
2020-21,1080,1080,1.0,425,0,425,0.39351851851851855,0.39351851851851855,197,235,0.46352941176470586,0.5529411764705883,0.548936170212766
2021-22,1230,1230,1.0,1225,0,1225,0.9959349593495935,0.9959349593495935,474,546,0.38693877551020406,0.44571428571428573,0.6263736263736264
2022-23,1230,1230,1.0,1230,0,1230,1.0,1.0,517,621,0.42032520325203254,0.5048780487804878,0.6859903381642513
2023-24,1230,1230,1.0,1227,0,1227,0.9975609756097561,0.9975609756097561,736,1076,0.5998370008149959,0.8769356153219234,0.6979553903345725
2024-25,1230,1230,1.0,1222,0,1222,0.9934959349593496,0.9934959349593496,954,1636,0.7806873977086743,1.3387888707037643,0.660757946210269
