resolution_method,challenges,overturn_rate,challenge_share
person_id_action_number,2003,0.32151772341487767,0.44323965479088295
previous_same_clock,1813,0.9442912300055157,0.4011949546359814
previous_play,703,0.9345661450924608,0.15556539057313565
